transaction_id,customer_id,month,transaction_type,amount
2222cf7a-6a66-4201-9105-4d63902b54e2,C0000,2023-01,new,100
91082d1c-e37f-40eb-985a-6a772ba95e26,C0001,2023-01,new,140
842d845a-4619-40c2-aac6-61b7ae1e4ef1,C0002,2023-01,new,180
45b7afb9-47c7-4835-837c-e689d19d3a16,C0003,2023-01,new,220
1ac5faf1-3d6e-4214-8e23-e81dfe90d1d6,C0004,2023-01,new,260
e0a775cc-20ba-4637-bba7-36afb69263ab,C0005,2023-01,new,300
e4a7884d-9982-40a0-a58e-814e82f23cd3,C0006,2023-01,new,340
4a6448c5-2e12-4b8e-8691-df0e5e7330eb,C0007,2023-01,new,380
5d899137-7ca9-4bc3-b5e7-d40df36ad849,C0008,2023-01,new,420
8f7f4193-167b-48dc-90dd-0f61a6b74b3c,C0009,2023-01,new,460
00ee1b49-e27c-48aa-9f60-b8b01484366e,C0010,2023-01,expansion,500
6e4c898a-b2cf-4a0a-b345-0d99b3dc2668,C0011,2023-01,expansion,540
7dfaf632-bb3d-490a-b266-d841eebbc07e,C0012,2023-01,expansion,580
5110b272-01fc-47b1-87d0-904dd0b616fb,C0013,2023-01,expansion,620
2dc8bd74-26c6-4302-8dbc-c2ada0f5ca51,C0014,2023-01,expansion,660
95338a3d-af8f-4390-8c47-f96915c2e5b4,C0015,2023-01,contraction,700
7310f4e7-6b5b-44d0-b5f3-9d66bc3cf8e3,C0016,2023-01,contraction,740
5d4835a5-0c76-4e4f-9b36-d4123e1e05fe,C0017,2023-01,contraction,780
4891d257-44e8-4435-bb29-fb7b805eda05,C0018,2023-01,churn,820
cc584180-6cc9-456e-9583-56c1fefe42ff,C0019,2023-01,churn,860
d4dbd9d5-572b-487d-9462-74cbd64bcae6,C0020,2023-01,new,900
ed044fc4-6eae-4ecb-b7d1-a6b9b6cc5d07,C0021,2023-01,new,940
4df0ad5a-d834-44ee-b2bb-7065cfabfb80,C0022,2023-01,new,980
40fe46f4-bfe0-450b-99f3-a64abf090794,C0023,2023-01,new,1020
2775b972-34df-4daa-9edd-db839e5d31a3,C0024,2023-01,new,1060
7ea7aa21-9580-4e1a-a21d-3fe4bc89eba9,C0025,2023-01,new,100
bedcb8a8-2cca-4aac-a2d0-2cfea2fac3b0,C0026,2023-01,new,140
36489478-d91b-47cd-ae84-2ac41d437416,C0027,2023-01,new,180
ee169482-5bee-46d7-a4fc-5a0c6ce61b37,C0028,2023-01,new,220
8b730158-8a23-4ea2-8e82-0b68fee5e51b,C0029,2023-01,new,260
2c742c40-a8f1-4f23-9533-b6818e4703c7,C0030,2023-01,expansion,300
e96436da-fd33-434c-9297-106012557fcd,C0031,2023-02,expansion,340
da052d74-53e2-4f48-b933-5afd4d146dc4,C0032,2023-02,expansion,380
174e469a-6f77-47e8-8944-11011c7642f8,C0033,2023-02,expansion,420
8d54b469-d672-41b5-9f0a-150897569044,C0034,2023-02,expansion,460
83d626c8-987f-4ef8-bafe-a6a7d19c6583,C0035,2023-02,contraction,500
b3f560f0-dc7a-486a-a261-134f96e09576,C0036,2023-02,contraction,540
f1057c3c-2436-4231-96b0-af17fa9ceb90,C0037,2023-02,contraction,580
d248239a-25c9-461e-9855-75ae38025e1b,C0038,2023-02,churn,620
5bb98445-b34d-4de8-9ca7-01aa692e9351,C0039,2023-02,churn,660
512de25b-04d0-4630-a651-f9928c7c6e95,C0040,2023-02,new,700
d3b54437-2919-466a-a67c-e935626b1bba,C0041,2023-02,new,740
80a22909-4d5c-4514-9daf-409da48a0f7e,C0042,2023-02,new,780
21c1566f-3698-4aa7-a65a-f994ff5b0422,C0043,2023-02,new,820
6714b7d9-f5d3-4483-bb0d-db97afccba56,C0044,2023-02,new,860
bc31d8c4-cb8d-455a-860d-8d522311fa65,C0045,2023-02,new,900
91c240ef-e2da-45a2-810e-13e83bee25e8,C0046,2023-02,new,940
38c3d053-88e7-4f40-b700-2c7cda1811bb,C0047,2023-02,new,980
766a9dd4-793a-4c5d-8543-a4421c73857e,C0048,2023-02,new,1020
aeef4ee9-5a0c-4665-8d5d-1e1b1dd8827f,C0049,2023-02,new,1060
afd252f9-d6db-4b07-a802-31c8182e36a8,C0050,2023-02,expansion,100
46f779d3-4d7a-4fdc-b2db-07bf1895ea76,C0051,2023-02,expansion,140
b7dcff8b-19fe-43e6-ba17-78ef7d000f02,C0052,2023-02,expansion,180
3240a607-fbf5-45af-a391-20dfa793c90d,C0053,2023-02,expansion,220
f8f42d46-27fe-4c30-b1dc-c9e65fd695d1,C0054,2023-02,expansion,260
50d6faaa-3b23-4f97-8393-b12b99760d94,C0055,2023-02,contraction,300
5e443813-7fb0-4c0c-a301-b070cef0aea8,C0056,2023-02,contraction,340
962e4dc0-9580-455e-868b-e6d8702ddee1,C0057,2023-02,contraction,380
963bfdf0-d605-49be-be56-3d59e74e2a33,C0058,2023-02,churn,420
6c538b90-0420-439e-bfb6-758073b13d96,C0059,2023-03,churn,460
61bfe845-6293-4f5e-9413-5b49d6c24edf,C0060,2023-03,new,500
68573a5f-dd1b-4bce-9b23-93ae998b58ff,C0061,2023-03,new,540
1998e1d4-6d28-49a8-82c4-6dd4e49f42b3,C0062,2023-03,new,580
541cd398-6547-4f50-9c24-e45b1f170b1f,C0063,2023-03,new,620
e3ebd0ba-7b9c-4433-8f8a-7cd732488f21,C0064,2023-03,new,660
b4375259-6592-4023-857a-c0d521c75761,C0065,2023-03,new,700
da0f1677-94b0-483f-818d-b68867f3aa74,C0066,2023-03,new,740
8d5b0619-29fc-428f-a545-b20e36a99252,C0067,2023-03,new,780
2d96e941-3f27-4561-9d5e-9e3706e4b7e9,C0068,2023-03,new,820
31e6e0e9-c80e-4398-a659-9514858b5709,C0069,2023-03,new,860
8958a139-e7cd-40af-8ae8-6e92a35180ca,C0070,2023-03,expansion,900
6d8f061a-4c6e-4fc7-9ebc-4d70ea3baa91,C0071,2023-03,expansion,940
8374a24d-5723-4049-b0fa-65e0eaad5ecd,C0072,2023-03,expansion,980
41dd11ec-592f-4744-a7a2-3532164366a2,C0073,2023-03,expansion,1020
86db30c1-9aa4-4a46-a99e-6288fae9d395,C0074,2023-03,expansion,1060
42acdc98-b3cc-493e-82f0-8ee3720a56ee,C0075,2023-03,contraction,100
8abfe0ac-4e8b-4b10-aee0-58d9da9f2403,C0076,2023-03,contraction,140
0e6cc4bf-35ac-4ac1-be89-f245b96edf26,C0077,2023-03,contraction,180
c50978a5-818a-4473-95a8-3249075e94b3,C0078,2023-03,churn,220
1e502427-d6d1-470a-a9b7-dd5e38048886,C0079,2023-03,churn,260
4cfa50b1-e20e-445e-9f1c-b02b74506107,C0080,2023-03,new,300
0cebf079-dbbf-4f22-9996-c38dacb67188,C0081,2023-03,new,340
e66365db-725e-4811-b51b-55c1e3146b4f,C0082,2023-03,new,380
c12d9064-78f8-4a2c-9385-644205f099b1,C0083,2023-03,new,420
36b71cf0-3f51-40d6-a716-51a484580ee7,C0084,2023-03,new,460
f55f8a53-9f6c-4515-b477-847ad83711c8,C0085,2023-03,new,500
2786d083-bb94-489c-ba6c-791f04dcecd9,C0086,2023-03,new,540
c25ff287-27fd-4b4c-b91c-ef7847682085,C0087,2023-03,new,580
69f9f265-af49-4a92-85a4-7bffde62afc4,C0088,2023-03,new,620
6702bb98-cef6-4dcd-965c-1b1ba57a355a,C0089,2023-03,new,660
4e5ca0ad-c4c9-4043-9e07-5cc36949af56,C0090,2023-04,expansion,700
292a01fb-94c5-4254-9e84-8b0cbefd3982,C0091,2023-04,expansion,740
f2ff9c73-5c8f-44c9-917f-add2a43dd85c,C0092,2023-04,expansion,780
b4349806-b2e0-4246-937d-400fcb602dcb,C0093,2023-04,expansion,820
37a9dcf0-3d63-46b0-ab1e-02c347c8f6c9,C0094,2023-04,expansion,860
de0c5b7c-6c40-4e66-bf58-e94e971a7d8a,C0095,2023-04,contraction,900
1ce74740-7ab9-4f92-952b-a9f5894bc3aa,C0096,2023-04,contraction,940
22202afc-2ba7-487b-8014-c640f4e776e6,C0097,2023-04,contraction,980
c91a3b9f-675e-4e8a-85f6-9c5de77216ae,C0098,2023-04,churn,1020
d7b7da26-5991-4ff0-9709-5b2505a9cea2,C0099,2023-04,churn,1060
848e06b5-a8e8-42db-80bc-22cac0445c9d,C0100,2023-04,new,100
82fa4924-0112-4860-925f-896b7b47646d,C0101,2023-04,new,140
4fd52b0b-d42a-4610-8b79-30dfa02058d0,C0102,2023-04,new,180
511a0695-9e99-406a-9b41-99e300043eac,C0103,2023-04,new,220
62dbe031-c640-4ca8-9e26-7b41351e3036,C0104,2023-04,new,260
c17f24e5-229e-418e-8d89-b873417cca4f,C0105,2023-04,new,300
41e2e16b-c0fe-4622-8143-941a9bc130d7,C0106,2023-04,new,340
33f3c975-4a2b-47a3-8d70-ffa9281b57dc,C0107,2023-04,new,380
4534e225-8ac8-4fea-9704-c17385054eec,C0108,2023-04,new,420
7e155a5a-6523-4462-82b0-c98cf0599ef7,C0109,2023-04,new,460
6b4c12e1-b974-4fd1-818a-ace4e8f67a8a,C0110,2023-04,expansion,500
04ba4464-7156-4da5-876c-20bbb8392b56,C0111,2023-04,expansion,540
19755632-0241-42da-b220-1b60e9c82e67,C0112,2023-04,expansion,580
95d9ec0e-8e2f-4023-a431-1225febaf3e1,C0113,2023-04,expansion,620
8129a41e-9154-4a87-8f1f-543031bb2f89,C0114,2023-04,expansion,660
a6b0c7ed-5595-4b56-ba93-33738337adc8,C0115,2023-04,contraction,700
40662028-2926-446d-bf94-922fc8c5b51e,C0116,2023-04,contraction,740
9af95e21-41fd-44af-b16b-b973d629e75c,C0117,2023-04,contraction,780
118ecb6c-524b-4095-9b0f-20902ac57500,C0118,2023-04,churn,820
b9baabb2-97a5-45a8-b3fe-4afd507adf5c,C0119,2023-04,churn,860
ee72e3ac-b7f0-4fb0-8f1f-a27a8cf95a35,C0120,2023-05,new,900
27269fcd-b730-4821-bc8f-e43d6a087090,C0121,2023-05,new,940
83d2ed0a-1896-449e-84e1-a41e772b9377,C0122,2023-05,new,980
089d90e4-6c64-460b-93fe-46b79d7bf4b3,C0123,2023-05,new,1020
b1f6edf3-9f9b-4220-ab58-2a6d50871252,C0124,2023-05,new,1060
480c06c7-78a0-4a64-a5b8-ee39148b5110,C0125,2023-05,new,100
50345125-47f2-43b4-a2a5-3dad37d15098,C0126,2023-05,new,140
9f9a1909-002c-4049-a0cd-c849ce3449cf,C0127,2023-05,new,180
94f80ca2-a98d-42fb-a662-76c0721ff793,C0128,2023-05,new,220
3d96955b-11f5-4523-92ca-7be5c246b8d7,C0129,2023-05,new,260
3ad58ad1-29f0-4753-be10-9a1d3b9d5d4f,C0130,2023-05,expansion,300
cc4d2563-e22f-4d08-9235-77d6aacc6bdb,C0131,2023-05,expansion,340
13daa324-998c-4a29-8f5a-f0776d6f3497,C0132,2023-05,expansion,380
568570fe-7118-4ae3-9801-7c9d86ae8be3,C0133,2023-05,expansion,420
7876e434-b6da-4a8d-96b0-2251afbb9534,C0134,2023-05,expansion,460
e85aa7ed-cc55-4941-8d6c-1fbeeab3998d,C0135,2023-05,contraction,500
5f250721-ce4c-4a28-bd87-a1ab0818a747,C0136,2023-05,contraction,540
4eee2d28-c7b3-46ea-abf1-9747b0ee6c02,C0137,2023-05,contraction,580
5e78fdec-2814-4602-82a4-cde6a0fd585e,C0138,2023-05,churn,620
053382bb-ee11-4744-b1e7-dd53ba0e5d5c,C0139,2023-05,churn,660
b077a6a6-b5c0-446e-aa8a-206689c358b3,C0140,2023-05,new,700
26f0761c-a2d4-40b1-9609-e03390010b42,C0141,2023-05,new,740
33910b62-804c-4cc3-b4d6-bce7dee297aa,C0142,2023-05,new,780
ed216f99-b078-4284-8b75-125650ae0049,C0143,2023-05,new,820
5ab751ea-165f-42cd-87af-77e0537a5a1f,C0144,2023-05,new,860
d0692d1b-0d2a-46cf-8fa9-670d18974097,C0145,2023-05,new,900
5bf477f2-be64-4c13-9844-1fe626241ebf,C0146,2023-05,new,940
7f14fed4-6973-4121-b65e-84e6060b16d1,C0147,2023-05,new,980
7a4a7d64-b2bf-490a-9bcf-2ab3ed9c49f5,C0148,2023-05,new,1020
b66a218c-41ad-4207-a55e-0625f44c5e82,C0149,2023-05,new,1060
fb4f6fad-e681-452f-be90-6561c95f562e,C0150,2023-05,expansion,100
d80964f2-7fba-445f-a36e-f63897517908,C0151,2023-06,expansion,140
998553e1-85ef-49dc-8e6f-5a7f0e3114f1,C0152,2023-06,expansion,180
4e31181b-ba81-4b17-a789-3708f61b4391,C0153,2023-06,expansion,220
0756ee3b-5845-4f07-b79a-fdffc9dcf5be,C0154,2023-06,expansion,260
cb8e69a9-c345-476f-9ba8-461223409201,C0155,2023-06,contraction,300
2d0f9828-f6c6-4eab-b466-d4e33814d8dd,C0156,2023-06,contraction,340
6cd88ec2-ded8-46b5-b4ce-56843cd91dfc,C0157,2023-06,contraction,380
452ff17b-c531-44d6-a795-45d511b09340,C0158,2023-06,churn,420
3f37882b-7983-4702-8652-aa9f7a5918ae,C0159,2023-06,churn,460
78ec3371-9fd0-478e-a9d4-65f7f328ab1d,C0160,2023-06,new,500
e15031bd-a8fa-48c7-aa27-0d4cdf6e802b,C0161,2023-06,new,540
1669ccf1-b61f-4c93-886f-3c0e10749dc1,C0162,2023-06,new,580
0a3c021d-b223-499b-8fff-65ac106bdd34,C0163,2023-06,new,620
44038079-440d-4796-9d44-c82952a0ba0b,C0164,2023-06,new,660
2f62b928-e9a1-4a8a-a675-c853dbce5cb6,C0165,2023-06,new,700
2921cdcb-4cca-4418-99fb-3d32a86db146,C0166,2023-06,new,740
a3dab016-61b9-413d-8f01-d1a42b16cda5,C0167,2023-06,new,780
f0020421-8838-4019-a23d-5623d05934ed,C0168,2023-06,new,820
54666b13-b1c9-4e12-82f3-d4a599f03263,C0169,2023-06,new,860
134932bf-5948-4318-aea8-61c4ffef5354,C0170,2023-06,expansion,900
79a65f42-954d-41de-942e-ce5d0914f21a,C0171,2023-06,expansion,940
ef7b3bcf-c0db-4cac-848c-676d1256a3db,C0172,2023-06,expansion,980
ae303d4d-0256-426d-9cc4-aa2d9768c9a9,C0173,2023-06,expansion,1020
45982991-bb83-4d4d-bbd8-cf734d3ca652,C0174,2023-06,expansion,1060
23002188-a352-4703-9c9d-d020360391bf,C0175,2023-06,contraction,100
fdd0eab8-84be-467b-81ee-dec023ab13ef,C0176,2023-06,contraction,140
2b48d8e7-7ab3-43f7-81cf-95d5eb7012eb,C0177,2023-06,contraction,180
cb141d08-db46-4dd2-9fbd-5e840d0513cc,C0178,2023-06,churn,220
4fae0d52-dfe3-4545-822f-d804d4cb65dd,C0179,2023-06,churn,260
10e632b4-124e-497c-a8ce-4963890b5408,C0180,2023-06,new,300
73a5076e-4e6c-4a68-83a0-2d656ae8b211,C0181,2023-07,new,340
107cc561-b7ac-4c99-89d2-c604b98b25f2,C0182,2023-07,new,380
60d353b4-1179-48ec-95d2-ab82a642b9e0,C0183,2023-07,new,420
a9a5ddd1-4381-4f5e-a9e7-b87391fbc8c0,C0184,2023-07,new,460
747b944e-1702-4907-9526-c6dd9f7810b8,C0185,2023-07,new,500
2159429b-cdc6-41b0-8bf8-596dc80eb29d,C0186,2023-07,new,540
5c84b7cd-6af5-4fa9-8e33-783f36d23350,C0187,2023-07,new,580
5069fed5-947a-4cfb-b919-0e30a84e6c8e,C0188,2023-07,new,620
94111220-2579-4f14-b429-3e6fa31f9fbc,C0189,2023-07,new,660
bec58cef-1d1f-4627-b272-d247edffa96e,C0190,2023-07,expansion,700
881d319b-ff5d-4620-948c-655d4bfbe8de,C0191,2023-07,expansion,740
03ce8cbf-d9dc-4b33-b4a0-3ff4b209e4dc,C0192,2023-07,expansion,780
03633a7a-1de2-4571-be07-5214363a4e9d,C0193,2023-07,expansion,820
149b753b-e1ae-4432-90c3-744bf2d37406,C0194,2023-07,expansion,860
b21d043e-25eb-495c-8367-f2d3ce430581,C0195,2023-07,contraction,900
90ae1252-3c97-45cf-a7c1-ccf2585347a3,C0196,2023-07,contraction,940
ed427025-e359-412d-a478-46dbdbc49d3e,C0197,2023-07,contraction,980
5f535ab6-90f4-4ecc-a90b-d7910ae0244e,C0198,2023-07,churn,1020
fb96e67e-4031-40d5-8b80-2cfbaf3850c8,C0199,2023-07,churn,1060
9d58719c-9aa1-4c70-aa4e-2f69f7b38bcd,C0000,2023-07,new,100
0779d3b4-a43b-489d-95d1-7d0329ebc433,C0001,2023-07,new,140
0012d4a7-45c7-4ca5-a6a6-eb9b96ea6095,C0002,2023-07,new,180
c144e4aa-60af-4bf1-ba08-511320a7ff23,C0003,2023-07,new,220
96913fda-e459-4a6e-869e-8017f786b23a,C0004,2023-07,new,260
53257606-1a16-4811-b97c-6dbd582eaa7f,C0005,2023-07,new,300
fe1c2e50-a371-4a4a-9a15-bf569b267039,C0006,2023-07,new,340
48ce76c4-3322-4aff-8ca7-bead02fd0e9a,C0007,2023-07,new,380
6b24043e-51ba-46b1-8ed5-64bd0fc8f1e4,C0008,2023-07,new,420
af39ce42-2f26-4675-96e2-95404e1a5aa9,C0009,2023-07,new,460
60148221-08b4-47a2-8269-52a8c83dc860,C0010,2023-07,expansion,500
fdd065e9-11d0-4c4e-ae41-003844e94285,C0011,2023-07,expansion,540
65b5ec24-4710-4f55-a577-f8aadbb8f883,C0012,2023-08,expansion,580
b1064f16-c1e9-4549-9525-c43e6a12d2a1,C0013,2023-08,expansion,620
a6bc0ea0-3257-4734-a3b4-aa2c280caeaa,C0014,2023-08,expansion,660
76238a1a-4d77-4e0b-af9a-8bc06114af69,C0015,2023-08,contraction,700
29fdf867-030c-4ed8-9bad-2b5fb7981520,C0016,2023-08,contraction,740
ccfb5c4b-edf8-4d94-9bd2-2207fe05e87c,C0017,2023-08,contraction,780
735ae8f5-677c-4d6f-b512-8d35a4cfa431,C0018,2023-08,churn,820
c1dae4c3-de99-43c1-9f2f-89518e492aa9,C0019,2023-08,churn,860
20b0faea-f28b-4761-9b08-fdc21f9f8afa,C0020,2023-08,new,900
453112fb-8bcc-42d1-b5b5-e01f4ef9dbcc,C0021,2023-08,new,940
8693284b-3e61-4153-87fa-41b20fab4158,C0022,2023-08,new,980
7a27182d-356e-4e90-84de-2a132bd3363c,C0023,2023-08,new,1020
13ce376a-5117-42cd-af1c-83fc701c30cc,C0024,2023-08,new,1060
62fd3f0f-e0f2-4c5f-8811-f967d0152111,C0025,2023-08,new,100
74524460-b871-4a2d-93ce-bcaedace3b4b,C0026,2023-08,new,140
5b921a41-253a-4e1d-8618-a3177a318ed4,C0027,2023-08,new,180
ade8a17a-c23c-494e-b3a7-cc45fe402fbd,C0028,2023-08,new,220
935cb865-977c-44c4-bfaa-e9a11d661ebb,C0029,2023-08,new,260
f2a61df8-b90c-44b9-97d2-6314585cef66,C0030,2023-08,expansion,300
6a8dcf2c-5370-4da2-8529-945cca7af490,C0031,2023-08,expansion,340
aa06d3d6-bfda-4143-856d-6321dd0819a5,C0032,2023-08,expansion,380
3f9b452b-b194-49c5-8051-18bab7ec31b2,C0033,2023-08,expansion,420
c6904f11-b01e-4370-b944-0bf27cdab549,C0034,2023-08,expansion,460
d53c66c0-9b05-4ba7-b173-7272253d0d52,C0035,2023-08,contraction,500
da5287e7-9fce-4932-a4bb-768581a23027,C0036,2023-08,contraction,540
fa8ceb55-9f38-4173-999d-0cd3a3d52888,C0037,2023-08,contraction,580
4fa4ce3e-2402-4d07-a8c0-6b8c0f2c236b,C0038,2023-08,churn,620
83a94a32-4b59-4582-bb07-fa6f77a0430c,C0039,2023-08,churn,660
ed628e4c-7bc4-4611-b969-9309a796d976,C0040,2023-08,new,700
a86a5b69-b870-4d92-81a8-34a70df9518d,C0041,2023-08,new,740
289032f5-92da-494f-8ab9-2e4bdc7cbc3e,C0042,2023-08,new,780
700ed9fc-51fb-4e0d-8487-6e610ffacfd7,C0043,2023-09,new,820
c3cf598d-9792-401b-8de4-f0176f1a741d,C0044,2023-09,new,860
35ea2009-3434-4a44-93bd-f241f1d3c02e,C0045,2023-09,new,900
fbeb39fd-f481-4fb6-b416-da09ecb84884,C0046,2023-09,new,940
c5290141-4113-4925-a693-ed97b219d01b,C0047,2023-09,new,980
e52d84ee-167d-4cb1-99c4-32a072a539f0,C0048,2023-09,new,1020
2961432c-09cc-46b0-9343-ca9342329385,C0049,2023-09,new,1060
f40c1af1-e407-478c-8469-326c081256fd,C0050,2023-09,expansion,100
7ce14b07-13aa-4369-936c-a64e5af00ecc,C0051,2023-09,expansion,140
c49b0b65-17e5-487e-a92f-973a1f4827b1,C0052,2023-09,expansion,180
8b2686ae-e0a0-4025-9f78-75c5614d251c,C0053,2023-09,expansion,220
618f7ab1-fa28-4a52-b1a8-0e4fce4b8169,C0054,2023-09,expansion,260
f05caf2c-6a0f-4101-adda-5efa1da100a6,C0055,2023-09,contraction,300
9d3f1fd6-4e4f-430b-a78b-bb9ed2fd0d2e,C0056,2023-09,contraction,340
08534cbf-bda8-4650-9ac7-7676ad791cae,C0057,2023-09,contraction,380
486585cd-c819-40b9-b8ce-5beff3997243,C0058,2023-09,churn,420
4f4e17f9-d8cc-46c0-89b6-8ecf87c0dcd9,C0059,2023-09,churn,460
3e398ff6-9b4f-4ee5-8c5a-55ca8bea155a,C0060,2023-09,new,500
fc43252a-1d9f-46a0-bd40-e03d941c7453,C0061,2023-09,new,540
354f3d2b-a7fd-43de-aa7a-a0546fe57171,C0062,2023-09,new,580
6ff74590-7953-4417-abf9-3b352137c0cd,C0063,2023-09,new,620
1ba8e8cb-41b9-47e6-bb09-48ca995f6695,C0064,2023-09,new,660
98190c69-cfc4-4261-8659-0e122d78b5f9,C0065,2023-09,new,700
467dc71f-b5c3-4dc8-8352-e4bba7a4c443,C0066,2023-09,new,740
92c8b1d5-6838-4f7e-b348-e26039c8a6d1,C0067,2023-09,new,780
0b062b06-0247-40be-8905-b7b63ecaa2c2,C0068,2023-09,new,820
d9fe5f4e-1b10-44ee-8aff-3d17a134e5cb,C0069,2023-09,new,860
057f4771-1e8a-43d7-99fd-f9f6ef2ce903,C0070,2023-09,expansion,900
44ee360a-7b09-4cd7-8a48-17dc3adde1fb,C0071,2023-09,expansion,940
24041185-a372-4437-bbe0-3cab6014cc95,C0072,2023-09,expansion,980
414ad4d1-b301-478d-9b91-c8a9a4535fa2,C0073,2023-10,expansion,1020
6924b844-a950-42ba-956c-fe721ee1dce2,C0074,2023-10,expansion,1060
50b5fcd0-f5ed-4881-9983-7cb8f0ed1af0,C0075,2023-10,contraction,100
f6d4db9a-4145-4528-b942-e3b7496e8506,C0076,2023-10,contraction,140
240ae0e7-a671-4a99-b590-c344b8b19796,C0077,2023-10,contraction,180
5b72631b-3726-4d1a-a5c0-78375497006f,C0078,2023-10,churn,220
c62d96dc-fa7a-4781-9196-d38c83f23779,C0079,2023-10,churn,260
7ed19829-7cc0-4c13-bcae-26d846079c90,C0080,2023-10,new,300
90b404a6-457e-4142-b728-1179f24e2fdd,C0081,2023-10,new,340
32e0b357-e859-46cb-9dee-088d69c0ff35,C0082,2023-10,new,380
92032e51-7d09-41e8-9176-14976131313a,C0083,2023-10,new,420
ed131e65-a262-44cc-9802-964b221921a1,C0084,2023-10,new,460
b4e634c1-6b0a-4155-a61a-4bbbb5211262,C0085,2023-10,new,500
7b6de253-9eb1-433c-8c0e-2e669058579b,C0086,2023-10,new,540
117253b6-0cf9-423f-ab5b-1f5fe53e4ab8,C0087,2023-10,new,580
7370eab4-b810-464a-b275-623e9367603d,C0088,2023-10,new,620
54b35300-445e-4dcd-81a3-53f2e81cc7b6,C0089,2023-10,new,660
08bc5ef6-9356-4859-8701-d8bf2b2e5963,C0090,2023-10,expansion,700
70996c9d-0fe7-401e-8f30-052e1459d0e3,C0091,2023-10,expansion,740
ed42bcc7-1ccc-492b-bd53-9335f3f128fa,C0092,2023-10,expansion,780
b41ae73e-ed26-4e9e-ae91-aeed53de205a,C0093,2023-10,expansion,820
3d22daa4-1505-4f8d-a898-34e9cc91efbd,C0094,2023-10,expansion,860
1a70f6fd-871d-4d4e-ad2a-8adba4be9e13,C0095,2023-10,contraction,900
84b7df9f-cb3e-43c0-be0b-372ace1d8638,C0096,2023-10,contraction,940
1462a03e-1ade-46ed-a6ea-090eb8a0cd9d,C0097,2023-10,contraction,980
83fb9a62-38b2-43a3-8f45-9dca3360be33,C0098,2023-10,churn,1020
bc69b1f2-90bb-4989-bb42-da28b0008aee,C0099,2023-10,churn,1060
1f1f58c4-a048-477e-a8b0-863fa7813cb4,C0100,2023-10,new,100
f85d9a44-8193-49cb-8729-264329aef0a4,C0101,2023-10,new,140
6b1517a3-b2c1-42bf-9a22-f258f7cdcbd1,C0102,2023-10,new,180
089d8770-ecbb-4f2d-bdfb-ba9a37e94148,C0103,2023-10,new,220
2f4b474b-02a7-4696-85fa-18e27fa6115f,C0104,2023-11,new,260
842f3e47-1b85-4d61-b3a4-2cec25d664d0,C0105,2023-11,new,300
462b8242-f9f5-4a51-a4cc-448d827c94e2,C0106,2023-11,new,340
58b72aef-87e4-448f-a37b-fd2f5ab2473e,C0107,2023-11,new,380
77948f80-a8f8-4f9e-84df-fdad8219a63a,C0108,2023-11,new,420
400ea8e6-7339-4e5d-a6c9-e522a2aa97b9,C0109,2023-11,new,460
58b7556b-a06f-4534-af15-b78ad3f2f86d,C0110,2023-11,expansion,500
913e1f36-e09e-42f7-b4f3-d5443edbb775,C0111,2023-11,expansion,540
e98a36c7-1a81-4903-a909-d0fa650f3363,C0112,2023-11,expansion,580
17417910-726e-4dfb-8763-42e783d88661,C0113,2023-11,expansion,620
845c67f5-4344-4380-96ca-1716c7a2c906,C0114,2023-11,expansion,660
1da15b7c-76ea-489f-934d-a09c811c52dd,C0115,2023-11,contraction,700
33971fc3-57ac-475e-982c-8d5d25e3b1ea,C0116,2023-11,contraction,740
1935ba6c-e874-43d5-a949-85bde5a8ce18,C0117,2023-11,contraction,780
91a5c203-3f2b-496f-a159-9d6ae1b79048,C0118,2023-11,churn,820
42c0d008-dcf1-4ac3-a498-29bab745a0d6,C0119,2023-11,churn,860
ff515525-0375-490d-9353-b583f88fe856,C0120,2023-11,new,900
3dab8095-54c0-47dc-bc37-ee204ca0190c,C0121,2023-11,new,940
4173c0be-3ed2-4076-985e-49a36123b67d,C0122,2023-11,new,980
6bc255ed-0499-49e6-a6d0-35777fc7ec7f,C0123,2023-11,new,1020
0ff7fb0e-7980-4693-a364-399336266e26,C0124,2023-11,new,1060
a1aaafff-ba53-466c-b92a-b5ade12d49d1,C0125,2023-11,new,100
aff82a8c-6c85-4603-bd10-ba5a01ad498f,C0126,2023-11,new,140
d02d1cc9-2178-4983-8a47-9a9eb7d371bf,C0127,2023-11,new,180
55c1e00b-a89b-4e33-88dd-b5cbeb908c09,C0128,2023-11,new,220
a6e8f7ef-8e45-4d27-a4a7-5ff845e7bf76,C0129,2023-11,new,260
9b8c1e5a-ac8e-4f57-80da-4a1c64a597ca,C0130,2023-11,expansion,300
8cd40ec9-1f3e-4cef-83d6-c6a4cb14235c,C0131,2023-11,expansion,340
0a4c3b52-3e94-4cfc-9921-c5c37efffbaa,C0132,2023-11,expansion,380
a6cf463e-f813-4fae-a2e8-d35a34a48366,C0133,2023-11,expansion,420
aba77d67-a8ff-4ac5-b62b-d13b9f5797cf,C0134,2023-12,expansion,460
c75f1aa6-dd92-446b-8f47-de8123c1ab0d,C0135,2023-12,contraction,500
f144e162-5627-4026-be7e-a65548413425,C0136,2023-12,contraction,540
62ab0e50-fca9-408c-8b15-e2d609de62fb,C0137,2023-12,contraction,580
315a46dc-ae6f-4c26-b941-da07a559f8c5,C0138,2023-12,churn,620
15a22d09-5fbf-443e-ab11-f7d85d813c57,C0139,2023-12,churn,660
699e395b-3054-429e-a584-7e1d1fff1b3c,C0140,2023-12,new,700
2eb7d727-be7f-4004-b4b8-9bcb5ec58866,C0141,2023-12,new,740
eecc4eeb-7aa4-4ec4-b9ae-dd07d54da5eb,C0142,2023-12,new,780
3debdec2-a9ab-40a7-99d4-ea4ee42e4d49,C0143,2023-12,new,820
bcb76601-6983-4414-800e-b4a51cebcb9c,C0144,2023-12,new,860
5fc1a5e0-ea42-44c7-8389-db20be161099,C0145,2023-12,new,900
2ed66157-060f-400c-9d96-2c8988fb49fa,C0146,2023-12,new,940
e375227e-ac2c-4c8b-a697-c55cf70ff09f,C0147,2023-12,new,980
718661a8-91ed-43b1-a7c7-319e08f97c8e,C0148,2023-12,new,1020
7b5b9fd0-5809-429a-b5d0-db3894de44a5,C0149,2023-12,new,1060
f2df1361-feda-4357-b69d-44ea7a882bf1,C0150,2023-12,expansion,100
1b0305dc-32f4-4306-b8a0-49dca777249e,C0151,2023-12,expansion,140
f70a6339-91bb-4eb5-b933-da4b49ac3441,C0152,2023-12,expansion,180
db41206b-77e0-40d9-8900-1482adf81c29,C0153,2023-12,expansion,220
ffa9c2d9-e8af-44af-983c-7601a8da4e83,C0154,2023-12,expansion,260
32fc425f-325d-4e80-a8ce-546f9aba1ebc,C0155,2023-12,contraction,300
94fe7102-efe3-4c7c-850f-6fac19df0289,C0156,2023-12,contraction,340
05004a55-0b3a-47fd-9345-b79afd9024ee,C0157,2023-12,contraction,380
a1f41f04-9324-4542-bf17-a77b5cbbe9ea,C0158,2023-12,churn,420
784bc1a9-9a3d-40b8-b61b-012564bab6c8,C0159,2023-12,churn,460
12e8295e-5d49-429d-be2c-fff2e9be3bb9,C0160,2023-12,new,500
a9b04f56-be6b-4381-8bb5-2c993cf47c4f,C0161,2023-12,new,540
9de4b325-f460-47d3-ad8d-e2dbb49669d9,C0162,2023-12,new,580
1b766e3b-d86a-4abc-b9de-ff36069e9cdb,C0163,2023-12,new,620
83139fba-6902-4bcb-86b2-30c1bc243097,C0164,2023-12,new,660
37d8585c-926a-4825-a200-7cc349073cbc,C0165,2024-01,new,700
fc969cf6-cc68-4019-9233-2a6bfcf74524,C0166,2024-01,new,740
562329fa-e225-4a7f-8deb-0111faeb0cf2,C0167,2024-01,new,780
91bed2c3-17d5-47c2-ba77-2fdf3d04ce1e,C0168,2024-01,new,820
29fc15bd-0a47-410f-afb0-83f4f63fb4fd,C0169,2024-01,new,860
0a30670b-ab6a-4b5e-a7e3-e3614450f32e,C0170,2024-01,expansion,900
7c5e0387-7b06-4fab-a48e-4cabecbaccb6,C0171,2024-01,expansion,940
71347a14-3e9f-44e8-9a4d-deab8ad6a466,C0172,2024-01,expansion,980
5d462c11-57a7-4783-a4c8-f66f2539622b,C0173,2024-01,expansion,1020
31a0b15a-86e2-4179-8522-9cd0a1017924,C0174,2024-01,expansion,1060
e4f25ba3-e01b-4c8c-854b-e1699b5caf31,C0175,2024-01,contraction,100
8fc323cf-8ff8-45ca-b888-bff55423e767,C0176,2024-01,contraction,140
a59e32c2-e66b-4b68-8461-74e3d3530f5e,C0177,2024-01,contraction,180
f31b7b3a-6c1f-478d-b075-e5e3bb31cc78,C0178,2024-01,churn,220
e10a28b1-4d22-4e56-b70d-b6654cf0566c,C0179,2024-01,churn,260
d18d8060-f7be-462e-a4f8-cc17d8c2e158,C0180,2024-01,new,300
f0a2e244-1908-47e9-928d-21973806b9c1,C0181,2024-01,new,340
0c0cc702-21cc-4bcb-8019-df5e7a80a310,C0182,2024-01,new,380
a0511a2c-0621-4788-820f-44780634e517,C0183,2024-01,new,420
02cb1c7f-ff45-4edd-81a6-ad2ba5105ae5,C0184,2024-01,new,460
6c83dbe3-a928-4bd8-8f6a-e850bdb2ab8e,C0185,2024-01,new,500
f589171f-b8db-4a9c-9d9d-15d1867c8e26,C0186,2024-01,new,540
be828735-e5b4-4fa6-bb3c-97d6969260de,C0187,2024-01,new,580
b3222b26-160d-4222-85d4-af4098999975,C0188,2024-01,new,620
0c27079e-48c1-431e-ab32-d4c9c749c402,C0189,2024-01,new,660
23f58573-3a3d-406f-8aa8-344b70ebe833,C0190,2024-01,expansion,700
6a9d7c42-9637-4baa-96eb-4b8c41940ab3,C0191,2024-01,expansion,740
dd952ed3-2704-4d3c-9152-3b1617092fae,C0192,2024-01,expansion,780
b7c4797d-3c97-40b4-97c7-c09b076c048a,C0193,2024-01,expansion,820
4806ed6c-9996-49b3-ae22-820be1ae9444,C0194,2024-01,expansion,860
549316b1-e2e6-4afd-8fc2-4bb0fd4af3ca,C0195,2024-01,contraction,900
8b93ffd5-18ee-4612-8028-9a704fc6757c,C0196,2024-02,contraction,940
869b9ca7-a914-4403-8535-45c4c76cd654,C0197,2024-02,contraction,980
101444d5-99c0-44e5-a6c1-b8f3c484abba,C0198,2024-02,churn,1020
d5bb9bd6-cf72-484a-ac64-6b1b3cc83b90,C0199,2024-02,churn,1060
3d84a46c-288c-4f04-b29f-db0d39d03780,C0000,2024-02,new,100
a3590ef2-3254-4065-b7c2-70d80fb8b0b4,C0001,2024-02,new,140
af0827b9-5b85-4418-a6da-65cc3bfb6bc9,C0002,2024-02,new,180
4da55784-caa7-4787-a1d1-251a47aeeb01,C0003,2024-02,new,220
005e6167-c3e6-4261-8bab-3c7e8e0a9ad2,C0004,2024-02,new,260
6b5a0360-6161-44c4-8cc8-27d02026a3b3,C0005,2024-02,new,300
6ce835d9-4b6f-4d1d-861f-a1867884adba,C0006,2024-02,new,340
52325160-7fee-4837-87c4-7217e5b53b17,C0007,2024-02,new,380
ed74fdc3-2ae0-4189-9a42-934e67497e91,C0008,2024-02,new,420
8c3f147a-bd01-4106-8177-bd6da60ae9c3,C0009,2024-02,new,460
8f750f9d-5d24-4db9-97eb-317876ccb97e,C0010,2024-02,expansion,500
87295ee1-c585-4586-b07b-4d30a39a1275,C0011,2024-02,expansion,540
305c3248-891a-4540-80f2-7182f2ce638a,C0012,2024-02,expansion,580
a51947ac-1a8f-4cac-afca-0f8df6004ca4,C0013,2024-02,expansion,620
f65bf154-e380-4f2e-a26b-eb82e5015b44,C0014,2024-02,expansion,660
dbd758fd-3cb3-40cf-b785-c41794b61765,C0015,2024-02,contraction,700
04cd60bc-3fbe-4b52-af33-14607bdaf341,C0016,2024-02,contraction,740
2962ae8f-10fc-4592-bc98-5d1c6a7c4fb7,C0017,2024-02,contraction,780
07283b4f-36fe-454b-8a7f-8b2cdc8d361b,C0018,2024-02,churn,820
c57b1360-8817-4afe-a9c5-2c68ea1a3b57,C0019,2024-02,churn,860
08700410-9209-4293-b693-03c26ad6db3f,C0020,2024-02,new,900
a8ed5800-7681-4933-a344-edd4d508f329,C0021,2024-02,new,940
80f91511-699b-4ac5-acc1-3305069765fe,C0022,2024-02,new,980
19d29e3a-f0f9-40a1-8a8b-92a05068d38d,C0023,2024-02,new,1020
5036066f-bac8-48d5-9a23-f936f4c10b55,C0024,2024-02,new,1060
f7d7aca5-2405-41f1-82a8-7939dc43f595,C0025,2024-03,new,100
4baefbd0-ebc0-4185-a8b6-a45463b5c65a,C0026,2024-03,new,140
d043c04d-0b28-4cfb-ba7e-f3193f0cba22,C0027,2024-03,new,180
57bcf370-adbc-4614-adbd-84e566bce54f,C0028,2024-03,new,220
82d12ed8-39b2-48e5-bcab-8218d941e621,C0029,2024-03,new,260
cbd94dc9-3087-4395-b64d-f6de3318dfa4,C0030,2024-03,expansion,300
c5dc0d87-1899-41de-a0aa-9dd5e8778687,C0031,2024-03,expansion,340
a13df6a9-b302-41d5-a014-a4b593b15021,C0032,2024-03,expansion,380
e1563df3-5eee-441f-a7f5-12574669514e,C0033,2024-03,expansion,420
9056b59e-0958-45ee-b840-1a576ffd8532,C0034,2024-03,expansion,460
6a517c95-5862-4ea6-b8ef-b598432c1d9e,C0035,2024-03,contraction,500
fade2ae6-e1a4-4ae6-9f71-79aba97ff008,C0036,2024-03,contraction,540
a7047335-f8ae-4f44-b911-19b9fd125b93,C0037,2024-03,contraction,580
a34c3534-054a-4d15-8cd4-0eb960466335,C0038,2024-03,churn,620
98347e9f-926b-4a1b-ac5b-2c92534b7cfa,C0039,2024-03,churn,660
2fb7b7a5-bc42-470d-a76b-8e1bacb5a095,C0040,2024-03,new,700
9cb13e52-86d1-4953-af1d-2d8d92bce210,C0041,2024-03,new,740
efba288f-6e8d-438a-9cfd-a67d1ccacb4a,C0042,2024-03,new,780
b41b0d17-5187-4d90-ba0f-cb70e82ae8ce,C0043,2024-03,new,820
80750b85-512f-4cef-b324-f3cb4d01db97,C0044,2024-03,new,860
2b599baf-9ac5-4a6b-9643-acfd3a921575,C0045,2024-03,new,900
fdc15e6b-b4f6-46ad-8c71-efbb7aa4908f,C0046,2024-03,new,940
ecdea5f2-e4bc-4f90-bbcc-38fc583d2dfa,C0047,2024-03,new,980
02a58b49-27e8-413f-8c66-8620111423e8,C0048,2024-03,new,1020
2a865092-70e7-4ea6-9b1d-790771787f08,C0049,2024-03,new,1060
220b5eb6-4b8f-4e9f-8b2e-29f6f5b16ed1,C0050,2024-03,expansion,100
16faf5bf-bbd4-4630-993e-d7bc7eaec1f0,C0051,2024-03,expansion,140
342fc961-47e0-4ffe-8ef3-c7e04775c7bc,C0052,2024-03,expansion,180
f3d4bfcf-a26d-435d-bc55-29dd0869e2b7,C0053,2024-03,expansion,220
796b6cf1-6bfd-4a87-94a2-dfa091d0dfdd,C0054,2024-03,expansion,260
e8634fe1-a0dd-4725-9d00-050043ecc141,C0055,2024-03,contraction,300
79109d1c-7bcf-4d3f-9e46-c4d0e21640d1,C0056,2024-04,contraction,340
6b3f6f86-fcd9-481a-904a-c06a89486a46,C0057,2024-04,contraction,380
61127fb9-b97b-468c-a9a3-1bf5581fb0bd,C0058,2024-04,churn,420
48ff2608-88ca-4459-a689-0ba5d061de4f,C0059,2024-04,churn,460
f53ed4b3-d9c8-4a94-9734-f1b04a246e56,C0060,2024-04,new,500
7c4797e7-effa-4b44-a38e-7a5643936947,C0061,2024-04,new,540
b3a8d349-2835-4f20-b6db-d56b1f89c9fa,C0062,2024-04,new,580
0a6f4aab-9ba2-4178-9a89-e8ad863566a5,C0063,2024-04,new,620
695d453c-472d-401a-90a8-293683cbcb6d,C0064,2024-04,new,660
b6131251-fd73-473c-8824-774568e1c7bf,C0065,2024-04,new,700
51438e88-a804-4c3b-b24d-db508e699b6b,C0066,2024-04,new,740
f802ab89-79f9-4bd0-88f9-0d61c0799783,C0067,2024-04,new,780
81028b3c-37ac-49d8-b817-46f8fb807f23,C0068,2024-04,new,820
ad538350-f074-483c-9911-694f9265c5ae,C0069,2024-04,new,860
aeec7f35-f5c4-4f64-bd8a-eb9b37a469a0,C0070,2024-04,expansion,900
587444e6-7714-469a-8aee-30ebdb677fe5,C0071,2024-04,expansion,940
14f227e1-2bd8-424f-9b23-00d01465c6f7,C0072,2024-04,expansion,980
92f17c49-0721-46cc-8302-23b19683c697,C0073,2024-04,expansion,1020
561135aa-19d0-4185-97db-45f0a20ce000,C0074,2024-04,expansion,1060
3233ba8f-413f-4a19-964d-d130dfc37f72,C0075,2024-04,contraction,100
94f7e993-2a92-4e7f-9895-fae5d4d62b30,C0076,2024-04,contraction,140
6ebab179-dab4-41bb-a122-09a5332fc6cd,C0077,2024-04,contraction,180
71e9be8b-4c2d-410f-867e-44318806ce71,C0078,2024-04,churn,220
1271321f-f185-4a5d-82a6-077bbef3f83d,C0079,2024-04,churn,260
aca6af2b-9510-4e76-a977-d91732c7b582,C0080,2024-04,new,300
163cd976-6f08-4112-82a5-24549a98fa37,C0081,2024-04,new,340
152ebbf3-5a5b-4a99-8e18-5961ec9fcb95,C0082,2024-04,new,380
f16baad6-9276-4563-9462-1a56e6fcc322,C0083,2024-04,new,420
b464b451-15b9-4759-aa7d-1ea09fd1afe3,C0084,2024-04,new,460
1b099cf2-5f36-4fd8-bef8-15d0d6822470,C0085,2024-04,new,500
f43d40f6-561b-4167-bae1-c1d77a72941f,C0086,2024-05,new,540
4cff959f-6823-42d8-9277-6402e7300f26,C0087,2024-05,new,580
77ed317b-8171-44df-802e-66506435f834,C0088,2024-05,new,620
abda2149-1546-4dca-be4e-474ac2d551e2,C0089,2024-05,new,660
90c60b4f-8c65-4e4b-8aa4-dc93f23aeecb,C0090,2024-05,expansion,700
35425bae-4bc6-43cc-97ce-04b80ce07f79,C0091,2024-05,expansion,740
b4daca7a-086f-4939-9c48-18087a7de103,C0092,2024-05,expansion,780
05b5c3be-4cc5-4eee-91e8-0acdc30ad8c5,C0093,2024-05,expansion,820
e3a09c12-c4da-4166-836f-8cdf40c479a7,C0094,2024-05,expansion,860
2f10eed5-5486-41d7-b312-cb7974dd49cd,C0095,2024-05,contraction,900
b28699cf-22f1-4fcb-9f16-23695a66162a,C0096,2024-05,contraction,940
6766906e-a499-49fa-9e84-06b5a16abbf5,C0097,2024-05,contraction,980
fdbc918c-6205-4722-a8a1-e49e21dbbea8,C0098,2024-05,churn,1020
3bc43ee5-ff59-41ef-a8ca-2db0dfdcffc8,C0099,2024-05,churn,1060
da40bd1b-5a4b-4349-9b06-7e22f74d27bc,C0005,2024-06,churn,800
